ID,X,Y,Z
3427,1090891.266,628286.6469,578.3300171
3428,1090892.554,628276.7277,578.6599731
3429,1090895.773,628251.9295,579.2600098
3430,1090898.991,628227.1313,579.4000244
3431,1090902.21,628202.3332,579.2199707
3450,1090888.882,628266.1646,578.7399902
3451,1090895.319,628216.5683,579.1699829
3473,1090893.578,628191.1264,578.7299805
3474,1090894.866,628181.2072,578.6900024
3475,1090900.016,628141.5301,578.5300293
3501,1090878.319,628269.8368,578.3400269
3502,1090879.606,628259.9175,578.5800171
3503,1090889.906,628180.5634,578.460022
3504,1090894.413,628145.846,578.3599854
3505,1090898.275,628116.0882,578.4099731
3534,1090873.359,628269.193,578.210022
3535,1090875.934,628249.3545,578.5599976
3536,1090880.44,628214.6371,578.539978
3537,1090883.659,628189.8389,578.4099731
3538,1090886.878,628165.0408,578.039978
3539,1090887.522,628160.0811,578.0599976
3540,1090902.972,628041.05,577.6500244
3565,1090865.824,628288.3878,577.5599976
3566,1090866.468,628283.4281,577.6699829
3567,1090881.274,628169.3566,577.8800049
3568,1090881.918,628164.397,577.7999878
3569,1090904.45,627990.81,576.9199829
3591,1090869.234,628223.2688,578.0900269
3592,1090871.809,628203.4303,577.8400269
3593,1090882.752,628119.1166,577.7399902
3594,1090895.628,628019.924,576.9199829
3595,1090897.559,628005.0451,576.8400269
3596,1090901.421,627975.2873,576.5
3618,1090858.48,628267.2617,577.7000122
3619,1090864.918,628217.6654,577.9799805
3620,1090866.205,628207.7462,577.5800171
3621,1090874.574,628143.271,577.4199829
3622,1090877.793,628118.4728,577.4899902
3623,1090878.437,628113.5132,577.4099731
3624,1090896.462,627974.6436,576.1699829
3645,1090854.808,628256.6987,577.6500244
3646,1090863.821,628187.2639,577.3699951
3647,1090866.396,628167.4254,577.1599731
3648,1090867.683,628157.5061,577.2526856
3649,1090870.902,628132.708,577.0999756
3650,1090873.477,628112.8694,577.1799927
3651,1090874.764,628102.9502,577.1300049
3652,1090880.558,628058.3135,576.9099731
3653,1090892.79,627964.0806,575.789978
3654,1090896.652,627934.3228,574.5200195
3655,1090901.158,627899.6054,572.8099976
3656,1090901.802,627894.6458,572.5900269
3657,1090902.446,627889.6861,572.3099976
3672,1090845.986,628285.8127,577.0300293
3673,1090847.273,628275.8935,577.0599976
3674,1090847.917,628270.9338,577.2700195
3675,1090858.861,628186.6201,577.1699829
3676,1090861.436,628166.7816,576.9500122
3677,1090864.655,628141.9835,576.9400024
3678,1090889.118,627953.5175,575.0700073
3679,1090891.049,627938.6387,574.4199829
3680,1090896.843,627894.002,572.2000122
3696,1090858.408,628151.259,576.8599854
3697,1090871.283,628052.0664,576.3300171
3698,1090873.858,628032.2278,576.0999756
3699,1090874.502,628027.2682,576.0200195
3700,1090879.008,627992.5508,575.6799927
3701,1090900.896,627823.9235,566.5100098
3724,1090857.954,628115.8978,576.5599976
3725,1090872.117,628006.7859,575.5200195
3726,1090874.692,627986.9474,575.2199707
3727,1090880.486,627942.3108,573.9099731
3728,1090881.13,627937.3511,573.6400147
3729,1090886.923,627892.7145,571.2199707
3739,1090835.613,628249.1641,576.8699951
3740,1090842.695,628194.6081,576.5300293
3741,1090843.338,628189.6485,576.5200195
3742,1090851.707,628125.1733,576.1199951
3743,1090878.101,627921.8285,572.4799805
3744,1090880.676,627901.99,571.5499878
3745,1090883.251,627882.1515,570.8099976
3746,1090883.895,627877.1918,570.5800171
3747,1090892.264,627812.7167,564.9772949
3748,1090894.839,627792.8782,564.5700073
3749,1090898.701,627763.1204,565.0100098
3750,1090904.495,627718.4838,568.9199829
3763,1090846.748,628124.5295,575.8699951
3764,1090862.198,628005.4984,575.1300049
3765,1090867.991,627960.8618,574.25
3766,1090868.635,627955.9021,574.1199951
3767,1090869.279,627950.9425,573.9000244
3768,1090890.523,627787.2748,564.539978
3785,1090828.913,628223.0784,576.460022
3786,1090832.775,628193.3206,576.0800171
3787,1090835.35,628173.4821,575.9899902
3788,1090845.007,628099.0876,575.7299805
3789,1090855.307,628019.7336,575.1799927
3790,1090863.032,627960.218,574.0900269
3791,1090868.826,627915.5814,571.75
3792,1090872.688,627885.8236,570.6599731
3793,1090876.551,627856.0658,567.7000122
3794,1090883.632,627801.5099,564.4199829
3795,1090886.207,627781.6714,564.5100098
3796,1090886.851,627776.7118,564.5
3797,1090899.726,627677.5193,573.710022
3809,1090820.091,628252.1924,576.3900147
3810,1090838.116,628113.3228,575.6400147
3811,1090839.403,628103.4035,575.5200195
3812,1090843.266,628073.6457,575.5200195
3813,1090846.485,628048.8476,575.4299927
3814,1090847.772,628038.9283,575.4099731
3815,1090848.416,628033.9687,575.289978
3816,1090851.635,628009.1705,574.9400024
3817,1090858.072,627959.5743,573.789978
3818,1090868.372,627880.2202,569.8400269
3819,1090878.672,627800.8662,564.210022
3820,1090881.891,627776.068,564.4099731
3821,1090885.11,627751.2699,566.4500122
3822,1090890.904,627706.6333,572.0900269
3823,1090901.848,627622.3196,575.7800293
3840,1090813.843,628261.4679,576.2399902
3841,1090814.487,628256.5083,576.1900024
3842,1090820.281,628211.8716,575.9799805
3843,1090823.5,628187.0735,575.5900269
3844,1090846.031,628013.4864,574.8499756
3845,1090846.675,628008.5268,574.7999878
3846,1090855.044,627944.0516,572.5499878
3847,1090859.55,627909.3342,570.7600098
3848,1090868.563,627839.8994,565.8800049
3849,1090869.207,627834.9398,565.5
3850,1090870.494,627825.0205,564.7000122
3851,1090881.438,627740.7069,569.6300049
3852,1090884.013,627720.8684,571.2999878
3853,1090885.301,627710.9491,572.1300049
3854,1090894.313,627641.5144,575.2700195
3855,1090895.601,627631.5951,575.5499878
3856,1090896.244,627626.6355,575.7199707
3873,1090815.321,628211.2279,575.7700195
3874,1090816.609,628201.3086,575.5900269
3875,1090831.415,628087.2371,574.960022
3876,1090836.565,628047.5601,574.9899902
3877,1090853.303,627918.6097,571.039978
3878,1090853.947,627913.6501,570.7000122
3879,1090875.835,627745.0227,569.2199707
3880,1090884.847,627675.588,574.9299927
3881,1090889.997,627635.911,575.539978
3882,1090892.572,627616.0725,576.1599731
3892,1090803.924,628260.1804,575.9500122
3893,1090804.568,628255.2208,575.9199829
3894,1090808.43,628225.463,575.8800049
3895,1090818.087,628151.0685,575.0499878
3896,1090820.662,628131.23,574.7800293
3897,1090823.237,628111.3915,574.9500122
3898,1090827.099,628081.6337,574.6500244
3899,1090828.387,628071.7145,574.9400024
3900,1090841.906,627967.5622,572.6900024
3901,1090853.493,627878.2889,568.460022
3902,1090855.425,627863.41,567.0100098
3903,1090858,627843.5715,565.3699951
3904,1090876.025,627704.702,573.4699707
3905,1090886.325,627625.348,576.0499878
3916,1090799.608,628254.577,575.8099976
3917,1090801.54,628239.6981,575.9899902
3918,1090806.69,628200.0211,575.2399902
3919,1090816.346,628125.6266,574.6400147
3920,1090822.14,628080.99,574.4799805
3921,1090838.234,627956.9992,572.0999756
3922,1090842.74,627922.2818,570.3400269
3923,1090854.971,627828.0489,564.3400269
3924,1090858.19,627803.2508,564.0599976
3925,1090868.49,627723.8967,572.9500122
3926,1090870.422,627709.0178,573.6500244
3927,1090872.353,627694.139,574.1099854
3941,1090808.811,628144.8214,574.6699829
3942,1090813.961,628105.1443,574.4899902
3943,1090827.48,628000.9921,574.0599976
3944,1090832.63,627961.3151,572.1099854
3945,1090852.587,627807.5666,563.7703857
3946,1090854.518,627792.6877,563.5499878
3960,1090787.758,628268.1684,575.4400024
3961,1090790.977,628243.3702,575.5999756
3962,1090794.195,628218.5721,575.25
3963,1090803.208,628149.1373,574.4699707
3964,1090807.07,628119.3795,574.25
3965,1090810.933,628089.6217,574.2199707
3966,1090822.521,628000.3484,573.9949951
3967,1090827.671,627960.6713,571.8599854
3968,1090846.34,627816.8421,563.5999756
3969,1090846.983,627811.8825,563.4799805
3970,1090847.627,627806.9229,563.6199951
3971,1090848.915,627797.0036,563.5200195
3972,1090850.846,627782.1247,563.7800293
3973,1090857.927,627727.5688,573.1699829
3974,1090859.215,627717.6496,574.1699829
3975,1090866.94,627658.1341,575.6799927
3976,1090872.734,627613.4974,576.8499756
3987,1090802.111,628118.7357,574.0499878
3988,1090805.33,628093.9376,574.1199951
3989,1090828.505,627915.3909,569.0200195
3990,1090851.68,627736.8443,572.039978
3991,1090852.324,627731.8847,572.8699951
3992,1090861.98,627657.4903,575.9299927
3993,1090865.843,627627.7325,576.1500244
4004,1090775.907,628281.7598,575.0499878
4005,1090778.482,628261.9213,575.2700195
4006,1090793.932,628142.8901,574.0900269
4007,1090811.314,628008.9801,574.1500244
4008,1090813.245,627994.1012,573.7800293
4009,1090816.464,627969.3031,572.4000244
4010,1090822.258,627924.6664,568.960022
4011,1090833.845,627835.3931,563.9000244
4012,1090837.064,627810.595,563.0200195
4013,1090838.995,627795.7161,563.2600098
4014,1090846.077,627741.1602,571.0800171
4015,1090851.227,627701.4832,574.0200195
4016,1090852.514,627691.5639,574.4000244
4017,1090858.308,627646.9273,575.6699829
4018,1090861.527,627622.1292,576.5999756
4030,1090770.948,628281.116,574.8599854
4031,1090779.316,628216.6408,574.710022
4032,1090785.754,628167.0445,573.9299927
4033,1090797.342,628077.7712,573.7897339
4034,1090800.56,628052.973,573.9899902
4035,1090806.354,628008.3364,574.0800171
4036,1090807.642,627998.4171,574.0499878
4037,1090815.367,627938.9015,570
4038,1090819.229,627909.1438,567.5999756
4039,1090824.379,627869.4668,565.0900269
4040,1090832.105,627809.9512,562.9099731
4041,1090843.048,627725.6376,572.5100098
4042,1090844.98,627710.7587,573.5200195
4043,1090853.992,627641.3239,575.7700195
4044,1090857.211,627616.5258,576.9799805
4057,1090777.576,628191.1989,574.210022
4058,1090782.726,628151.5219,573.7700195
4059,1090791.738,628082.087,573.5900269
4060,1090803.97,627987.8541,573.710022
4061,1090808.476,627953.1367,571.2199707
4062,1090814.914,627903.5404,566.8200073
4063,1090829.72,627789.4689,562.9799805
4064,1090847.745,627650.5994,575.9400024
4078,1090769.397,628215.3533,574.4000244
4079,1090770.041,628210.3937,574.2999878
4080,1090800.298,627977.2911,573.0700073
4081,1090801.585,627967.3718,572.2800293
4082,1090803.516,627952.4929,571.2800293
4083,1090808.666,627912.8159,567.4299927
4084,1090813.173,627878.0985,565.2299805
4085,1090823.473,627798.7444,562.7000122
4086,1090828.623,627759.0674,566.6599731
4087,1090836.992,627694.5923,573.8699951
4088,1090840.211,627669.7941,574.9500122
4103,1090761.863,628234.5481,574.5499878
4104,1090775.381,628130.3958,573.289978
4105,1090786.969,628041.1225,573.75
4106,1090808.857,627872.4951,564.3850098
4107,1090809.501,627867.5355,564.0999756
4108,1090818.513,627798.1007,562.5599976
4109,1090829.457,627713.787,572.5499878
4110,1090835.895,627664.1908,575.0100098
4111,1090839.757,627634.433,576.3499756
4112,1090841.689,627619.5541,576.5999756
4123,1090749.822,628288.4603,574.1500244
4124,1090750.465,628283.5006,574.210022
4125,1090754.972,628248.7832,574.3300171
4126,1090767.847,628149.5906,573.3900147
4127,1090774.284,628099.9943,573.1300049
4128,1090778.791,628065.2769,573.5599976
4129,1090780.078,628055.3576,573.6099854
4130,1090783.297,628030.5595,573.9099731
4131,1090790.378,627976.0035,573.3800049
4132,1090791.022,627971.0439,572.960022
4133,1090800.035,627901.6091,565.6799927
4134,1090809.047,627832.1743,562.6400147
4135,1090812.91,627802.4166,562.3900147
4136,1090825.141,627708.1836,572.6300049
4137,1090825.785,627703.224,572.9199829
4138,1090830.935,627663.547,574.8699951
4154,1090748.081,628263.0183,574.1300049
4155,1090773.187,628069.5927,573.2600098
4156,1090776.406,628044.7946,573.5999756
4157,1090779.625,628019.9965,574.0700073
4158,1090786.062,627970.4002,573.210022
4159,1090790.569,627935.6828,568.8699951
4160,1090793.144,627915.8442,566.6799927
4161,1090796.363,627891.0461,565.1400147
4162,1090813.744,627757.1361,566.6599731
4163,1090829.838,627633.1455,576.4199829
4177,1090741.834,628272.2938,573.7700195
4178,1090743.765,628257.415,573.9500122
4179,1090752.777,628187.9801,573.3577271
4180,1090754.709,628173.1012,573.210022
4181,1090759.215,628138.3838,572.8699951
4182,1090763.721,628103.6664,572.7800293
4183,1090779.815,627979.6757,574.2000122
4184,1090786.897,627925.1197,567.4199829
4185,1090791.403,627890.4023,564.6900024
4186,1090792.69,627880.4831,564.1900024
4187,1090802.991,627801.129,562.1300049
4188,1090812.647,627726.7346,569.8699951
4200,1090743.311,628222.0538,573.539978
4201,1090743.955,628217.0941,573.4699707
4202,1090745.243,628207.1749,573.3400269
4203,1090756.187,628122.8612,572.5599976
4204,1090764.555,628058.386,573.3099976
4205,1090767.131,628038.5475,573.5700073
4206,1090776.787,627964.153,573.289978
4207,1090778.074,627954.2338,571.6599731
4208,1090787.731,627879.8393,563.9299927
4209,1090790.95,627855.0412,562.75
4210,1090794.812,627825.2834,561.960022
4211,1090809.619,627711.212,571.2199707
4220,1090734.489,628251.1678,573.6199951
4221,1090735.777,628241.2485,573.4400024
4222,1090740.283,628206.5311,573.0900269
4223,1090741.571,628196.6119,573.0499878
4224,1090748.652,628142.0559,572.4099731
4225,1090754.446,628097.4193,572.5900269
4226,1090756.377,628082.5404,572.6900024
4227,1090764.746,628018.0652,574.3200073
4228,1090765.39,628013.1055,574.5100098
4229,1090767.965,627993.267,575.4899902
4230,1090769.896,627978.3881,575.0599976
4231,1090778.265,627913.913,565.8800049
4232,1090789.853,627824.6397,561.8400269
4233,1090790.496,627819.68,561.9099731
4234,1090797.578,627765.1241,564.2000122
4235,1090803.371,627720.4875,569.75
4236,1090813.672,627641.1335,576.1699829
4251,1090730.173,628245.5644,573.5999756
4252,1090730.817,628240.6048,573.289978
4253,1090731.461,628235.6452,573.2199707
4254,1090735.967,628200.9277,572.8400269
4255,1090743.049,628146.3718,572.25
4256,1090748.199,628106.6948,572.3900147
4257,1090765.58,627972.7848,575.2000122
4258,1090772.018,627923.1885,566.4299927
4259,1090773.305,627913.2692,565.6199951
4260,1090780.387,627858.7133,562.5900269
4261,1090783.605,627833.9152,561.9099731
4270,1090720.064,628284.5977,573.210022
4271,1090721.351,628274.6784,573.1300049
4272,1090725.858,628239.961,573.1300049
4273,1090726.501,628235.0014,572.9699707
4274,1090727.789,628225.0821,572.9799805
4275,1090729.72,628210.2032,572.7800293
4276,1090735.514,628165.5666,572.3200073
4277,1090745.17,628091.1721,572.3300171
4278,1090754.827,628016.7777,574.7299805
4279,1090758.689,627987.0199,576.0900269
4280,1090770.921,627892.7869,563.5
4281,1090772.852,627877.908,562.9899902
4282,1090774.139,627867.9888,562.710022
4283,1090778.002,627838.231,561.7700195
4284,1090784.44,627788.6347,561.6500244
4285,1090789.59,627748.9577,565.9000244
4286,1090800.534,627664.6441,574.1900024
4287,1090801.177,627659.6844,574.5599976
4288,1090805.684,627624.9671,576.1699829
4289,1090806.327,627620.0074,576.3499756
4299,1090715.104,628283.954,573.0200195
4300,1090721.542,628234.3576,572.710022
4301,1090733.773,628140.1247,571.8699951
4302,1090738.923,628100.4476,572.1900024
4303,1090740.854,628085.5687,572.289978
4304,1090744.073,628060.7706,572.9699707
4305,1090753.086,627991.3358,576.5499878
4306,1090753.73,627986.3761,576.539978
4307,1090766.605,627887.1835,562.4699707
4308,1090771.755,627847.5065,561.4400024
4309,1090775.617,627817.7488,561.2999878
4310,1090786.561,627733.4351,567.2399902
4311,1090795.574,627664.0003,574.1799927
4312,1090796.218,627659.0407,574.5499878
4326,1090710.144,628283.3102,572.8300171
4327,1090710.788,628278.3506,572.75
4328,1090729.457,628134.5213,571.7000122
4329,1090730.101,628129.5616,571.7299805
4330,1090732.032,628114.6827,571.7800293
4331,1090756.495,627926.2168,565.8300171
4332,1090764.864,627861.7416,561.7700195
4333,1090770.658,627817.105,560.9400024
4334,1090773.877,627792.3069,561.460022
4335,1090775.164,627782.3876,561.9500122
4336,1090779.027,627752.6298,564.8200073
4337,1090783.533,627717.9124,568.8200073
4338,1090789.327,627673.2758,573.2600098
4339,1090794.477,627633.5988,576.3499756
4351,1090703.897,628292.5857,572.6300049
4352,1090709.691,628247.949,572.6099854
4353,1090732.866,628069.4023,572.4400024
4354,1090739.948,628014.8464,575.4099731
4355,1090746.385,627965.2501,575.2199707
4356,1090752.823,627915.6538,564.3599854
4357,1090757.973,627875.9768,561.9199829
4358,1090775.998,627737.1072,566.8400269
4359,1090781.148,627697.4302,571.2999878
4360,1090792.736,627608.1569,576.0900269
4369,1090713.1,628182.8301,572.0599976
4370,1090713.744,628177.8704,571.8900147
4371,1090718.25,628143.153,571.4199829
4372,1090723.401,628103.476,571.5300293
4373,1090738.207,627989.4045,577.0300293
4374,1090738.851,627984.4448,576.9099731
4375,1090751.726,627885.2523,561.7700195
4376,1090765.245,627781.1001,561.7399902
4377,1090768.464,627756.3019,564.3800049
4378,1090769.107,627751.3423,564.9099731
4379,1090772.326,627726.5442,567.5999756
4380,1090775.545,627701.746,570.5300293
4381,1090776.832,627691.8268,571.460022
4382,1090780.051,627667.0287,573.2299805
4383,1090781.983,627652.1498,575.0800171
4384,1090785.201,627627.3516,576.1300049
4399,1090695.909,628276.4193,572
4400,1090698.484,628256.5808,572.2700195
4401,1090704.278,628211.9441,571.9699707
4402,1090727.453,628033.3974,573.5800171
4403,1090730.672,628008.5992,576.2299805
4404,1090731.96,627998.68,577.2600098
4405,1090733.247,627988.7607,577.1199951
4406,1090735.179,627973.8818,576.2000122
4407,1090743.547,627909.4067,563.2000122
4408,1090766.723,627730.86,566.8400269
4409,1090768.01,627720.9408,568.1300049
4410,1090769.942,627706.0619,569.7199707
4411,1090770.585,627701.1023,570.3099976
4412,1090779.598,627631.6675,576.0599976
4423,1090690.306,628280.7352,571.8599854
4424,1090696.1,628236.0985,571.8200073
4425,1090700.606,628201.3811,571.6500244
4426,1090707.044,628151.7848,570.9400024
4427,1090708.331,628141.8655,571.0300293
4428,1090717.344,628072.4307,571.8441162
4429,1090730.863,627968.2784,575.3800049
4430,1090745.669,627854.207,560.7700195
4431,1090749.532,627824.4492,560.6400147
4432,1090758.544,627755.0144,563.9899902
4433,1090761.119,627735.1759,566.0599976
4443,1090684.059,628290.0107,571.7199707
4444,1090688.565,628255.2933,571.8099976
4445,1090695.003,628205.6969,571.4400024
4446,1090707.878,628106.5043,571.1400147
4447,1090722.041,627997.3925,577
4448,1090727.834,627952.7558,571.3111572
4449,1090732.341,627918.0384,564.2999878
4450,1090738.135,627873.4017,561.1500244
4451,1090744.572,627823.8055,560.4699707
4452,1090767.104,627650.2185,573.5900269
4453,1090767.747,627645.2589,574.4799805
4467,1090681.674,628269.5284,571.3099976
4468,1090684.249,628249.6899,571.5200195
4469,1090700.343,628125.6991,570.7700195
4470,1090704.206,628095.9413,571.0700073
4471,1090708.712,628061.2239,572.0200195
4472,1090712.575,628031.4661,573.6099854
4473,1090714.506,628016.5872,575.3400269
4474,1090726.737,627922.3543,564.5599976
4475,1090727.381,627917.3946,563.9935303
4476,1090737.681,627838.0406,560.25
4477,1090741.544,627808.2828,560.1199951
4478,1090755.063,627704.1306,568.75
4479,1090761.5,627654.5344,572.8499756
4480,1090764.719,627629.7362,575.3200073
4490,1090699.246,628095.2975,570.9199829
4491,1090710.834,628006.0242,576.6099854
4492,1090712.765,627991.1453,576.7299805
4493,1090726.928,627882.0335,560.6199951
4494,1090734.009,627827.4776,560.0100098
4495,1090750.747,627698.5272,568.9099731
4509,1090676.905,628228.5638,570.8599854
4510,1090680.768,628198.806,570.8400269
4511,1090687.205,628149.2097,570.2199707
4512,1090688.493,628139.2905,570.4299927
4513,1090689.78,628129.3712,570.3599854
4514,1090697.505,628069.8556,571.289978
4515,1090701.368,628040.0979,572.7600098
4516,1090707.162,627995.4612,576.4799805
4517,1090711.668,627960.7438,571.3599854
4518,1090725.831,627851.6319,559.8499756
4519,1090730.337,627816.9145,560.0800171
4520,1090731.624,627806.9953,560.210022
4521,1090743.212,627717.722,566.6300049
4522,1090744.5,627707.8027,567.460022
4523,1090746.431,627692.9239,568.9099731
4524,1090755.444,627623.4891,574.3099976
4537,1090684.177,628133.6871,570.1500244
4538,1090695.121,628049.3734,572.039978
4539,1090696.408,628039.4541,572.6500244
4540,1090711.215,627925.3826,566.1300049
4541,1090713.79,627905.5441,561.6799927
4542,1090720.227,627855.9478,559.789978
4543,1090727.952,627796.4323,560.0700073
4544,1090729.24,627786.513,560.5200195
4545,1090744.046,627672.4416,571.0700073
4546,1090751.772,627612.9261,573.5300293
4563,1090667.63,628222.3167,570.5599976
4564,1090670.848,628197.5185,570.2999878
4565,1090672.136,628187.5993,570.0800171
4566,1090679.217,628133.0433,569.9500122
4567,1090685.655,628083.447,570.5599976
4568,1090690.805,628043.77,572.2000122
4569,1090694.024,628018.9718,574.9199829
4570,1090694.667,628014.0122,575.6900024
4571,1090716.555,627845.3848,559.5599976
4572,1090718.486,627830.5059,559.6199951
4573,1090721.061,627810.6674,559.7000122
4574,1090721.705,627805.7078,559.7199707
4575,1090724.924,627780.9096,560.5300293
4576,1090726.855,627766.0308,561.3599854
4577,1090739.087,627671.7978,570.7199707
4578,1090741.662,627651.9593,571.5700073
4584,1090655.589,628276.2289,570.3400269
4585,1090667.82,628181.9959,569.9500122
4586,1090676.189,628117.5207,569.9000244
4587,1090677.476,628107.6014,570.0831909
4588,1090683.27,628062.9647,571.1300049
4589,1090683.914,628058.0051,571.3400269
4590,1090685.845,628043.1262,572.0999756
4591,1090687.133,628033.2069,572.8200073
4592,1090687.776,628028.2473,573.3200073
4593,1090689.064,628018.3281,575.0999756
4594,1090698.077,627948.8932,569.5700073
4595,1090709.664,627859.6199,559.6599731
4596,1090710.308,627854.6603,559.6300049
4597,1090713.527,627829.8622,559.5499878
4598,1090715.458,627814.9833,559.2000122
4599,1090730.908,627695.9522,567.5100098
4600,1090734.771,627666.1944,570.5599976
4601,1090738.633,627636.4367,572.0900269
4616,1090658.354,628216.0695,570.1099854
4617,1090664.148,628171.4328,569.5900269
4618,1090669.298,628131.7558,569.5
4619,1090675.092,628087.1191,570.2399902
4620,1090684.104,628017.6843,575.1500244
4621,1090693.761,627943.2899,568.6199951
4622,1090708.567,627829.2184,559.4199829
4623,1090711.786,627804.4203,559.1500244
4624,1090720.155,627739.9451,563.2000122
4625,1090721.442,627730.0258,564.1300049
4626,1090725.305,627700.2681,566.5800171
4627,1090730.455,627660.5911,570.25
4628,1090733.03,627640.7526,571.5100098
4639,1090644.382,628284.8606,569.8800049
4640,1090653.394,628215.4258,569.8900147
4641,1090657.257,628185.668,569.2999878
4642,1090659.188,628170.7891,569.3599854
4643,1090663.051,628141.0313,569.289978
4644,1090669.488,628091.435,569.9899902
4645,1090670.132,628086.4754,570
4646,1090673.351,628061.6772,571.0999756
4647,1090675.282,628046.7983,571.8699951
4648,1090681.72,627997.202,575.1599731
4649,1090691.376,627922.8076,563.3200073
4650,1090698.457,627868.2517,559.3800049
4651,1090713.264,627754.1802,561.6799927
4652,1090718.414,627714.5032,565.4899902
4653,1090724.208,627669.8666,569.6599731
4654,1090725.495,627659.9473,569.9400024
4655,1090728.07,627640.1088,570.9400024
4656,1090730.645,627620.2703,571.4400024
4669,1090648.435,628214.782,569.7000122
4670,1090649.078,628209.8224,569.6500244
4671,1090652.297,628185.0242,569.039978
4672,1090657.447,628145.3472,568.7999878
4673,1090658.735,628135.4279,569.0499878
4674,1090659.379,628130.4683,569.0300293
4675,1090666.46,628075.9123,570.2600098
4676,1090669.035,628056.0738,571.2299805
4677,1090674.829,628011.4372,576.0200195
4678,1090687.704,627912.2446,560.4299927
4679,1090694.142,627862.6483,559.1900024
4680,1090710.236,627738.6576,562.4000244
4681,1090720.536,627659.3035,569.7700195
4692,1090635.75,628273.6538,569.7399902
4693,1090637.681,628258.7749,569.3099976
4694,1090648.625,628174.4612,568.9799805
4695,1090653.775,628134.7842,568.7800293
4696,1090658.282,628100.0667,569.4400024
4697,1090669.225,628015.753,575.710022
4698,1090671.157,628000.8741,575.1599731
4699,1090673.732,627981.0356,572.8300171
4700,1090676.951,627956.2375,568.3699951
4701,1090680.169,627931.4393,563.6599731
4702,1090686.607,627881.843,559
4703,1090691.757,627842.166,558.8699951
4704,1090695.62,627812.4082,558.6400147
4705,1090698.838,627787.6101,559.0900269
4706,1090704.632,627742.9734,561.8800049
4707,1090709.782,627703.2964,565.2999878
4708,1090713.001,627678.4983,568.1300049
4709,1090717.507,627643.7809,569.6900024
4710,1090718.151,627638.8213,570.1599731
4718,1090638.515,628213.4945,569.2199707
4719,1090641.734,628188.6963,568.6799927
4720,1090648.816,628134.1404,568.5100098
4721,1090656.541,628074.6248,569.9799805
4722,1090659.116,628054.7863,571.0100098
4723,1090661.691,628034.9478,572.4899902
4724,1090673.922,627940.7148,565.5100098
4725,1090677.785,627910.957,560.1300049
4726,1090682.935,627871.28,558.9299927
4727,1090696.454,627767.1278,560.0499878
4728,1090697.741,627757.2086,560.8599854
4729,1090701.604,627727.4508,563.039978
4730,1090704.179,627707.6123,564.4699707
4731,1090710.617,627658.016,569.2000122
4732,1090711.26,627653.0564,569.3699951
4733,1090711.904,627648.0968,569.4899902
4744,1090623.899,628287.2452,568.9500122
4745,1090625.831,628272.3663,569.0100098
4746,1090634.2,628207.8911,568.9099731
4747,1090639.993,628163.2544,568.3400269
4748,1090641.281,628153.3352,568.2700195
4749,1090643.212,628138.4563,568.2800293
4750,1090649.65,628088.86,569.2600098
4751,1090650.294,628083.9003,569.289978
4752,1090665.1,627969.8288,570.6199951
4753,1090666.388,627959.9096,568.2700195
4754,1090667.675,627949.9903,566.7999878
4755,1090670.894,627925.1922,561.2399902
4756,1090674.756,627895.4344,558.8800049
4757,1090676.688,627880.5555,558.6699829
4758,1090700.507,627697.0493,565.25
4759,1090707.588,627642.4934,569.1893921
4760,1090710.163,627622.6549,569.4849854
4772,1090618.296,628291.5611,568.6500244
4773,1090620.871,628271.7226,568.7399902
4774,1090626.021,628232.0455,568.6199951
4775,1090627.952,628217.1666,568.6300049
4776,1090629.24,628207.2473,568.4799805
4777,1090634.39,628167.5703,568.1149902
4778,1090640.184,628122.9336,568.0800171
4779,1090648.553,628058.4584,570.539978
4780,1090649.84,628048.5392,571.0900269
4781,1090650.484,628043.5795,571.4500122
4782,1090651.772,628033.6603,572.3499756
4783,1090652.415,628028.7006,572.9099731
4784,1090659.497,627974.1447,571.0499878
4785,1090662.072,627954.3062,566.3699951
4786,1090663.359,627944.3869,565.1599731
4787,1090668.509,627904.7099,559.0800171
4788,1090669.797,627894.7906,558.6500244
4789,1090673.016,627869.9925,558.4400024
4790,1090682.672,627795.5981,558.5599976
4800,1090615.911,628271.0788,568.460022
4801,1090625.568,628196.6843,568.0800171
4802,1090628.143,628176.8458,567.9500122
4803,1090644.881,628047.8954,570.960022
4804,1090659.687,627933.8239,562.2700195
4805,1090660.331,627928.8643,561.1900024
4806,1090660.975,627923.9047,560.4899902
4807,1090663.55,627904.0661,558.8400269
4808,1090678.356,627789.9947,558.4400024
4809,1090681.575,627765.1965,559.5200195
4810,1090690.588,627695.7618,564.25
4811,1090696.381,627651.1251,567.960022
4812,1090698.313,627636.2462,568.4899902
4824,1090614.814,628240.6772,568.2000122
4825,1090615.458,628235.7176,568.1099854
4826,1090621.252,628191.0809,567.6799927
4827,1090631.552,628111.7268,568.1099854
4828,1090634.127,628091.8883,568.9000244
4829,1090635.415,628081.969,569.3499756
4830,1090648.29,627982.7764,571.6599731
4831,1090658.59,627903.4224,558.7000122
4832,1090659.234,627898.4627,558.4799805
4833,1090666.315,627843.9068,558.1300049
4834,1090669.534,627819.1087,558.1300049
4835,1090672.109,627799.2702,558.3499756
4836,1090673.396,627789.3509,558.4500122
4837,1090676.615,627764.5528,559.3300171
4838,1090680.478,627734.795,561.3599854
4839,1090686.915,627685.1987,564.4000244
4849,1090602.773,628294.5894,567.8400269
4850,1090608.567,628249.9528,567.9799805
4851,1090609.211,628244.9931,568.0300293
4852,1090615.649,628195.3968,567.539978
4853,1090617.58,628180.5179,567.5900269
4854,1090622.086,628145.8005,567.1900024
4855,1090640.111,628006.9308,574
4856,1090641.399,627997.0116,572.6400147
4857,1090649.768,627932.5364,560.3499756
4858,1090650.412,627927.5768,559.7800293
4859,1090653.63,627902.7786,558.5900269
4860,1090655.562,627887.8997,558.2700195
4861,1090657.493,627873.0208,557.8200073
4862,1090661.355,627843.2631,558.0800171
4863,1090672.943,627753.9898,559.8699951
4864,1090680.025,627699.4339,563.0900269
4865,1090689.681,627625.0395,567.3900147
4873,1090601.033,628269.1475,567.4799805
4874,1090609.401,628204.6723,567.3900147
4875,1090619.058,628130.2778,567.0800171
4876,1090629.358,628050.9237,570.6099854
4877,1090633.864,628016.2063,574.4000244
4878,1090635.152,628006.2871,573.8099976
4879,1090639.658,627971.5697,567.8099976
4880,1090647.383,627912.0541,558.6799927
4881,1090650.602,627887.256,558.0599976
4882,1090651.89,627877.3367,557.7299805
4883,1090666.696,627763.2653,558.8800049
4884,1090670.559,627733.5075,560.8800049
4885,1090684.721,627624.3957,566.9000244
4886,1090685.365,627619.4361,566.7700195
4907,1090597.36,628258.5845,567.1699829
4908,1090604.442,628204.0285,567.1699829
4909,1090607.017,628184.19,567.0300293
4910,1090610.879,628154.4322,566.9199829
4911,1090615.386,628119.7148,567.0900269
4912,1090637.274,627951.0874,561.75
4913,1090646.286,627881.6526,557.7299805
4914,1090646.93,627876.693,557.5200195
4915,1090652.08,627837.0159,557.5700073
4916,1090659.161,627782.46,558.7999878
4917,1090659.805,627777.5004,558.75
4918,1090670.105,627698.1463,562.5100098
4919,1090681.693,627608.8731,566.2600098
4934,1090587.895,628292.6582,567.0499878
4935,1090615.576,628079.394,568.7700195
4936,1090616.22,628074.4344,568.9699707
4937,1090620.082,628044.6766,570.710022
4938,1090627.808,627985.161,570.0100098
4939,1090631.026,627960.3629,563.2399902
4940,1090663.858,627707.4218,561.9799805
4948,1090583.579,628287.0548,566.8499756
4949,1090588.085,628252.3374,566.7999878
4950,1090597.098,628182.9025,566.375
4951,1090607.398,628103.5484,567.3300171
4952,1090614.479,628048.9925,570.2800293
4953,1090618.342,628019.2347,573.2299805
4954,1090646.023,627805.9706,557.3400269
4955,1090656.323,627726.6166,560.5800171
4956,1090664.049,627667.1011,563.3400269
4957,1090665.98,627652.2222,564.3400269
4968,1090588.919,628207.0569,566.4400024
4969,1090590.207,628197.1376,566.3499756
4970,1090592.782,628177.2991,566.3400269
4971,1090593.425,628172.3395,566.3200073
4972,1090601.794,628107.8643,567.0499878
4973,1090605.013,628083.0661,568.2800293
4974,1090606.944,628068.1872,568.7999878
4975,1090613.382,628018.5909,572.789978
4976,1090615.957,627998.7524,570.3699951
4977,1090623.682,627939.2369,559.0800171
4978,1090624.97,627929.3176,558.4199829
4979,1090625.613,627924.358,558.210022
4980,1090629.476,627894.6002,557.3699951
4981,1090638.489,627825.1654,556.9299927
4982,1090652.651,627716.0536,560.960022
4983,1090659.733,627661.4977,563.0800171
4984,1090664.239,627626.7803,565.0900269
4997,1090590.397,628156.8168,565.6699829
4998,1090591.685,628146.8976,565.5800171
4999,1090598.766,628092.3416,568
5000,1090607.779,628022.9068,572.0405884
5001,1090618.079,627943.5527,558.9799805
5002,1090618.723,627938.5931,558.710022
5003,1090636.104,627804.6831,557.0200195
5004,1090636.748,627799.7235,557.1500244
5005,1090659.923,627621.1769,564.7800293
5013,1090570.631,628270.2446,565.8800049
5014,1090577.069,628220.6483,565.8499756
5015,1090582.862,628176.0116,565.8099976
5016,1090586.725,628146.2538,565.4000244
5017,1090588.013,628136.3345,565.6099854
5018,1090589.3,628126.4153,565.8699951
5019,1090594.45,628086.7382,567.9899902
5020,1090599.6,628047.0612,570.3200073
5021,1090616.982,627913.1512,557.2999878
5022,1090623.419,627863.5549,556.5900269
5023,1090624.063,627858.5953,556.8300171
5024,1090640.801,627729.6449,559.8499756
5025,1090646.595,627685.0083,561.4299927
5026,1090647.238,627680.0487,561.6699829
5027,1090649.17,627665.1698,562.4500122
5028,1090653.676,627630.4524,564.2299805
5037,1090563.74,628284.4797,565.7399902
5038,1090565.671,628269.6008,565.5900269
5039,1090569.534,628239.8431,565.6199951
5040,1090573.397,628210.0853,565.710022
5041,1090574.04,628205.1256,565.6400147
5042,1090579.834,628160.4889,565.3200073
5043,1090593.997,628051.3771,569.7600098
5044,1090606.872,627952.1845,558.539978
5045,1090608.16,627942.2652,558.1099854
5046,1090610.091,627927.3863,557.4099731
5047,1090631.979,627758.7589,558.5200195
5048,1090640.991,627689.3241,561.0200195
5049,1090651.291,627609.9701,564.2999878
5062,1090561.999,628259.0378,565.2299805
5063,1090562.643,628254.0782,565.1500244
5064,1090574.874,628159.8452,564.9699707
5065,1090583.243,628095.37,567.75
5066,1090584.531,628085.4507,567.6400147
5067,1090585.818,628075.5315,568.0599976
5068,1090590.968,628035.8544,570.8800049
5069,1090599.981,627966.4196,559.4500122
5070,1090600.625,627961.46,558.710022
5071,1090610.925,627882.1059,555.8300171
5072,1090614.788,627852.3481,556.7299805
5073,1090616.719,627837.4692,556.8900147
5074,1090620.581,627807.7115,556.4400024
5075,1090623.156,627787.8729,556.5100098
5076,1090625.731,627768.0344,557.7800293
5089,1090567.34,628179.04,564.7399902
5090,1090568.627,628169.1207,564.8800049
5091,1090581.502,628069.9281,567.9400024
5092,1090584.721,628045.1299,570.539978
5093,1090585.365,628040.1703,570.6500244
5094,1090598.24,627940.9777,557.5499878
5095,1090598.884,627936.0181,557.2399902
5096,1090599.528,627931.0584,556.9400024
5097,1090607.897,627866.5832,556.1900024
5098,1090613.047,627826.9062,556.960022
5099,1090614.978,627812.0273,556.3800049
5100,1090624.634,627737.6329,559.0200195
5101,1090640.728,627613.6422,563.5900269
5112,1090548.861,628282.5485,564.8099976
5113,1090554.011,628242.8714,564.8699951
5114,1090554.655,628237.9118,564.8300171
5115,1090566.243,628148.6384,564.539978
5116,1090575.255,628079.2036,567.3200073
5117,1090580.405,628039.5265,569.9699707
5118,1090588.774,627975.0513,559.7999878
5119,1090597.143,627910.5761,556.2600098
5120,1090601.006,627880.8184,555.7299805
5121,1090602.293,627870.8991,555.7700195
5122,1090611.95,627796.5047,556
5123,1090617.1,627756.8277,558.2199707
5124,1090617.744,627751.868,558.5300293
5137,1090542.614,628291.824,564.6500244
5138,1090572.227,628063.6809,567.7399902
5139,1090574.158,628048.802,569.4799805
5140,1090576.733,628028.9635,567.6400147
5141,1090581.24,627994.2461,561.7000122
5142,1090582.527,627984.3268,559.9799805
5143,1090587.677,627944.6498,557.0700073
5144,1090601.196,627840.4976,556.5499878
5145,1090601.84,627835.5379,556.5700073
5146,1090604.415,627815.6994,556.3599854
5147,1090623.728,627666.9106,560.8300171
5148,1090627.59,627637.1528,562
5149,1090630.809,627612.3547,562.9799805
5161,1090546.667,628221.7454,564.1300049
5162,1090547.311,628216.7857,564.0599976
5163,1090554.392,628162.2298,564.0499878
5164,1090555.036,628157.2701,564.2399902
5165,1090566.624,628067.9968,567.1900024
5166,1090568.555,628053.1179,568.8599854
5167,1090570.486,628038.239,568.4400024
5168,1090587.224,627909.2886,555.6900024
5169,1090587.868,627904.329,555.9199829
5170,1090591.086,627879.5309,555.0999756
5171,1090599.455,627815.0557,556.2999878
5172,1090602.674,627790.2575,555.7000122
5173,1090621.343,627646.4283,561.2299805
5174,1090621.987,627641.4687,561.3599854
5183,1090546.858,628181.4245,563.5900269
5184,1090552.651,628136.7879,564.6099854
5185,1090563.595,628052.4741,568.2800293
5186,1090580.977,627918.5641,555.6099854
5187,1090583.552,627898.7256,555.5499878
5188,1090584.839,627888.8063,555.3099976
5189,1090590.633,627844.1697,556.3599854
5190,1090603.508,627744.9771,558.1199951
5191,1090615.096,627655.7038,560.6099854
5202,1090528.379,628284.9331,563.8200073
5203,1090530.954,628265.0945,563.7399902
5204,1090534.817,628235.3367,563.7199707
5205,1090536.104,628225.4175,563.5999756
5206,1090539.323,628200.6193,563.6900024
5207,1090544.473,628160.9423,563.7700195
5208,1090547.692,628136.1441,564.4099731
5209,1090554.129,628086.5478,565.9000244
5210,1090560.567,628036.9515,565.710022
5211,1090562.498,628022.0726,563.9400024
5212,1090563.142,628017.113,562.6300049
5213,1090568.292,627977.4359,556.8599854
5214,1090602.411,627714.5756,558.6400147
5215,1090608.205,627669.9389,559.9799805
5216,1090610.136,627655.0601,560.3200073
5223,1090525.351,628269.4104,563.4400024
5224,1090526.638,628259.4911,563.3900147
5225,1090532.432,628214.8545,563.2800293
5226,1090549.17,628085.904,565.4899902
5227,1090554.32,628046.227,566.460022
5228,1090573.633,627897.4381,554.5499878
5229,1090574.92,627887.5188,555.1400147
5230,1090576.851,627872.6399,555.6500244
5231,1090587.152,627793.2859,555.0700073
5232,1090598.739,627704.0126,558.9500122
5233,1090601.314,627684.1741,559.2199707
5234,1090606.464,627644.497,560.3400269
5243,1090519.747,628273.7263,563.1699829
5244,1090520.391,628268.7666,563.1599731
5245,1090524.253,628239.0089,563.2399902
5246,1090526.829,628219.1703,563.0200195
5247,1090532.622,628174.5336,563.1099854
5248,1090539.704,628119.9777,564.4400024
5249,1090546.141,628070.3814,565.4500122
5250,1090548.073,628055.5025,566.1300049
5251,1090555.154,628000.9466,556.710022
5252,1090564.81,627926.5521,554.6699829
5253,1090566.098,627916.6328,553.6599731
5254,1090574.467,627852.1577,555.9000244
5255,1090581.548,627797.6017,554.8900147
5256,1090586.054,627762.8843,556.7999878
5257,1090600.217,627653.7725,559.8099976
5258,1090602.148,627638.8937,560.1900024
5277,1090515.431,628268.1229,562.8900147
5278,1090518.65,628243.3247,562.9699707
5279,1090522.513,628213.5669,562.8200073
5280,1090523.8,628203.6477,563.0100098
5281,1090527.663,628173.8899,562.8499756
5282,1090534.1,628124.2936,564.0599976
5283,1090540.538,628074.6973,564.9199829
5284,1090541.182,628069.7376,565.0300293
5285,1090561.138,627915.9891,553.3300171
5286,1090566.932,627871.3524,555.4199829
5287,1090568.863,627856.4735,555.75
5288,1090573.37,627821.7561,556.0599976
5289,1090580.451,627767.2002,556.7199707
5290,1090581.739,627757.281,557.0200195
5291,1090585.601,627727.5232,557.7800293
5292,1090586.245,627722.5636,557.9199829
5293,1090588.82,627702.725,558.539978
5294,1090593.326,627668.0077,559.2199707
5295,1090601.051,627608.4921,560.6699829
5306,1090507.253,628292.2773,562.3800049
5307,1090515.622,628227.8021,562.6199951
5308,1090522.059,628178.2058,562.75
5309,1090527.853,628133.5691,563.5900269
5310,1090528.497,628128.6094,563.7299805
5311,1090529.784,628118.6902,563.8900147
5312,1090530.428,628113.7305,564.3099976
5313,1090534.291,628083.9728,564.1900024
5314,1090535.578,628074.0535,564.3599854
5315,1090541.372,628029.4168,559.5999756
5316,1090543.947,628009.5783,555.8699951
5317,1090545.878,627994.6994,553.9000244
5318,1090555.535,627920.305,553.0700073
5319,1090556.822,627910.3857,553.289978
5320,1090561.972,627870.7087,555.1699829
5321,1090562.616,627865.749,555.5200195
5322,1090569.054,627816.1527,555.75
5323,1090572.273,627791.3546,554.75
5324,1090578.066,627746.7179,557.2199707
5325,1090578.71,627741.7583,557.3099976
5326,1090585.792,627687.2024,558.6500244
5327,1090588.367,627667.3639,559.1500244
5328,1090592.873,627632.6465,559.960022
5329,1090594.804,627617.7676,560.1599731
5341,1090504.225,628276.7546,562.4400024
5342,1090506.8,628256.9161,562.2399902
5343,1090511.306,628222.1987,562.2999878
5344,1090515.812,628187.4813,562.4799805
5345,1090518.387,628167.6427,562.6400147
5346,1090532.55,628058.5308,564.25
5347,1090535.125,628038.6923,561.3300171
5348,1090538.988,628008.9345,554.6400147
5349,1090551.863,627909.7419,553.2000122
5350,1090558.3,627860.1456,555.3800049
5351,1090566.025,627800.6301,554.6300049
5352,1090567.313,627790.7108,554.539978
5353,1090570.532,627765.9127,556.4799805
5354,1090574.394,627736.1549,557.210022
5355,1090584.051,627661.7605,559.0800171
5356,1090587.27,627636.9624,559.539978
5366,1090503.127,628246.3531,562.2600098
5367,1090504.415,628236.4338,562.1799927
5368,1090512.14,628176.9182,562.2600098
5369,1090521.796,628102.5238,563.1799927
5370,1090532.097,628023.1697,555.5700073
5371,1090541.753,627948.7752,553.0200195
5372,1090547.547,627904.1385,553.6500244
5373,1090551.409,627874.3808,554.75
5374,1090553.984,627854.5422,555.2199707
5375,1090582.31,627636.3186,559.3699951
5383,1090494.305,628275.4671,561.8699951
5384,1090494.949,628270.5075,561.8400269
5385,1090498.168,628245.7093,561.9799805
5386,1090500.099,628230.8304,561.8800049
5387,1090502.03,628215.9515,561.8099976
5388,1090516.193,628106.8396,562.7999878
5389,1090519.412,628082.0415,562.8200073
5390,1090534.862,627963.0103,552.5499878
5391,1090540.656,627918.3737,552.4899902
5392,1090567.694,627710.0693,557.4699707
5404,1090490.633,628264.9041,561.539978
5405,1090497.715,628210.3481,561.7299805
5406,1090511.877,628101.2362,562.1599731
5407,1090517.671,628056.5996,561.6799927
5408,1090518.315,628051.6399,560.7199707
5409,1090527.971,627977.2455,552.1599731
5410,1090535.696,627917.7299,552.4099731
5411,1090537.628,627902.851,553.7650757
5412,1090547.928,627823.497,555.1500244
5413,1090564.666,627694.5466,557.6300049
5414,1090567.884,627669.7485,558.2700195
5415,1090574.322,627620.1522,559.289978
5416,1090574.966,627615.1926,559.3499756
5436,1090494.042,628199.7851,561.5100098
5437,1090496.617,628179.9466,561.4199829
5438,1090497.261,628174.987,561.4199829
5439,1090499.836,628155.1484,561.7199707
5440,1090504.986,628115.4714,562
5441,1090508.849,628085.7136,561.8099976
5442,1090512.711,628055.9558,560.8699951
5443,1090521.724,627986.521,551.5599976
5444,1090523.655,627971.6421,552.0200195
5445,1090524.943,627961.7228,552.0900269
5446,1090527.518,627941.8843,551.8699951
5447,1090532.024,627907.1669,553.6300049
5448,1090536.531,627872.4495,554.5499878
5449,1090542.324,627827.8128,554.8806763
5450,1090559.062,627698.8625,557.3300171
5451,1090567.431,627634.3873,558.6900024
5466,1090495.52,628149.545,561.5
5467,1090498.095,628129.7065,561.8400269
5468,1090510.971,628030.5139,553.0900269
5469,1090512.902,628015.635,551.8099976
5470,1090516.121,627990.8368,551.2399902
5471,1090517.408,627980.9176,551.2199707
5472,1090523.846,627931.3213,551.7299805
5473,1090526.421,627911.4828,553.4899902
5474,1090534.79,627847.0076,554.8599854
5475,1090546.377,627757.7343,556.0700073
5476,1090557.321,627673.4206,557.6400147
5477,1090557.965,627668.461,557.9400024
5478,1090563.115,627628.7839,558.9899902
5479,1090564.403,627618.8647,559.0300293
5499,1090500.861,628069.5472,559.9299927
5500,1090504.723,628039.7894,555.1099854
5501,1090511.161,627990.1931,550.9799805
5502,1090517.599,627940.5968,551.5499878
5503,1090521.461,627910.839,553.5300293
5504,1090529.83,627846.3638,554.7399902
5505,1090531.118,627836.4446,554.6500244
5506,1090533.049,627821.5657,554.3900147
5507,1090544.637,627732.2924,556.25
5508,1090546.568,627717.4135,556.5800171
5509,1090547.855,627707.4942,556.8374634
5510,1090551.074,627682.6961,557.2999878
5511,1090551.718,627677.7364,557.4400024
5512,1090553.649,627662.8576,557.8599854
5513,1090555.581,627647.9787,558.2600098
5514,1090556.224,627643.0191,558.3300171
5532,1090505.558,627994.509,550.6199951
5533,1090512.639,627939.953,551.3699951
5534,1090516.502,627910.1952,553.6900024
5535,1090520.364,627880.4375,554.3800049
5536,1090530.021,627806.043,553.4799805
5537,1090536.458,627756.4467,555.7700195
5538,1090543.54,627701.8908,556.8900147
5539,1090551.908,627637.4157,558.2299805
5551,1090492.873,628053.3808,556.9500122
5552,1090493.517,628048.4211,556.1599731
5553,1090503.173,627974.0267,550.539978
5554,1090510.898,627914.5111,553.6300049
5555,1090513.473,627894.6726,554.210022
5556,1090514.761,627884.7533,554.4099731
5557,1090518.623,627854.9956,554.5800171
5558,1090523.13,627820.2781,554.4699707
5559,1090527.636,627785.5607,554.8300171
5560,1090530.211,627765.7222,555.5700073
5561,1090545.661,627646.6912,557.9799805
5577,1090494.351,628003.1407,550.4299927
5578,1090504.007,627928.7462,551.9299927
5579,1090504.651,627923.7866,552.9000244
5580,1090511.732,627869.2307,554.5700073
5581,1090515.595,627839.4729,554.5200195
5582,1090518.814,627814.6748,553.4799805
5583,1090520.101,627804.7555,552.0200195
5584,1090526.539,627755.1592,555.5100098
5585,1090543.92,627621.2493,558.039978
5602,1090488.104,628012.4162,550.4799805
5603,1090491.323,627987.618,549.7299805
5604,1090506.773,627868.5869,554.5599976
5605,1090512.567,627823.9503,554.7299805
5606,1090520.292,627764.4347,555.4199829
5607,1090522.867,627744.5962,555.5200195
5608,1090534.455,627655.3229,557.5100098
5625,1090490.869,627952.2569,550.460022
5626,1090492.8,627937.378,551.2800293
5627,1090493.444,627932.4183,552.5800171
5628,1090495.376,627917.5395,555.2199707
5629,1090507.607,627823.3065,554.7800293
5630,1090515.332,627763.7909,555.2999878
5631,1090515.976,627758.8313,555.2199707
5632,1090528.851,627659.6388,557.3699951
5633,1090531.426,627639.8002,557.5999756
5650,1090491.703,627906.9764,555.4299927
5651,1090492.991,627897.0572,554.9000244
5652,1090498.785,627852.4205,554.3800049
5653,1090501.36,627832.582,554.6300049
5654,1090511.016,627758.1876,555.0100098
5655,1090521.316,627678.8335,556.6799927
5672,1090488.031,627896.4134,555.0100098
5673,1090492.538,627861.696,554.3499756
5674,1090504.769,627767.4631,554.8900147
5675,1090509.275,627732.7457,555.1300049
5676,1090525.369,627608.755,556.9699707
5691,1090492.728,627821.3752,554.0200195
5692,1090507.535,627707.3038,555.5700073
5715,1090490.987,627795.9333,552.2600098
5716,1090501.931,627711.6196,555.2199707
5717,1090507.081,627671.9426,556.7199707
5718,1090509.656,627652.1041,557.3900147
5719,1090510.3,627647.1445,557.4500122
5734,1090496.972,627710.9759,555.0700073
5735,1090509.847,627611.7833,556
5759,1090492.012,627710.3321,554.8300171
5784,1090492.202,627670.0113,556.5100098
5810,1090487.887,627664.4079,556.7199707
5811,1090491.749,627634.6502,557.2999878
